{"cameraMode":{"drawMode":0,"name":"Shaded","section":"Shading Mode"},"sceneLighting":true,"audioPlay":false,"sceneViewState":{"m_AlwaysRefresh":false,"showFog":true,"showSkybox":true,"showFlares":true,"showImageEffects":true,"showParticleSystems":true,"showVisualEffectGraphs":true,"m_FxEnabled":true},"in2DMode":false,"pivot":{"x":-5.400000095367432,"y":-4.460000038146973,"z":-0.4972114562988281},"rotation":{"x":-0.006732629612088203,"y":-0.14983342587947846,"z":0.0010206836741417647,"w":-0.9886924624443054},"size":5.4959635734558109,"orthographic":false}