{"cameraMode":{"drawMode":0,"name":"Shaded","section":"Shading Mode"},"sceneLighting":false,"audioPlay":false,"sceneViewState":{"m_AlwaysRefresh":false,"showFog":true,"showSkybox":false,"showFlares":true,"showImageEffects":true,"showParticleSystems":true,"showVisualEffectGraphs":true,"m_FxEnabled":true},"in2DMode":false,"pivot":{"x":0.10989567637443543,"y":0.10301417112350464,"z":0.072792649269104},"rotation":{"x":-0.20380012691020966,"y":0.07246700674295426,"z":-0.015130443498492241,"w":-0.9762166142463684},"size":0.7071070075035095,"orthographic":false}